{
  "financial": {
    "remFreePerks": 0,
    "money": 8300,
    "invoices": [{
      "inGameDate": "2023/1/20",
      "perkUsed": 14,
      "freePerkUsed": 10,
      "moneyBefore": 10000,
      "moneyCost": 1700,
      "moneyAfter": 8300,
      "ability": {
        "powerControl-RIGHT": [
          72.81240747335792,
          78.2514381383488
        ],
        "spinControl-REST": [
          47.1155664676688,
          47.1155664676688
        ],
        "normalPower-RIGHT": [
          79.90883881444023,
          84.52990641733258
        ],
        "cuePrecision-REST": [
          45.21612329847238,
          45.21612329847238
        ],
        "powerControl-REST": [
          50.26495592386811,
          50.26495592386811
        ],
        "spin-LEFT": [
          36.83668441706094,
          36.83668441706094
        ],
        "normalPower-REST": [
          44.131096886529946,
          44.131096886529946
        ],
        "cuePrecision-LEFT": [
          34.78036625701995,
          34.78036625701995
        ],
        "cuePrecision-RIGHT": [
          65.49880992555752,
          69.77170322739381
        ],
        "spin-RIGHT": [
          69.37129336393456,
          75.20696060563401
        ],
        "normalPower-LEFT": [
          42.43220120026854,
          42.43220120026854
        ],
        "spin-REST": [
          47.88943429175541,
          47.88943429175541
        ],
        "spinControl-LEFT": [
          36.241423160836334,
          36.241423160836334
        ],
        "aiming": [
          70.56486119801905,
          74.44057608009435
        ],
        "powerControl-LEFT": [
          38.66394218241529,
          38.66394218241529
        ],
        "spinControl-RIGHT": [
          68.25029010625222,
          70.32027850200214
        ]
      },
      "type": "upgrade",
      "timestamp": "2025-06-06 20:57:20"
    }],
    "level": 5,
    "expInThisLevel": 0,
    "availPerks": 6,
    "totalPerks": 20,
    "totalExp": 451
  },
  "checksum": "C6572DBF6631551F2F96D7948CCFA77C"
}