{
  "financial": {
    "money": 29650,
    "invoices": [{
      "inGameDate": "2023/1/20",
      "perkUsed": 1,
      "moneyBefore": 30000,
      "moneyCost": 350,
      "moneyAfter": 29650,
      "ability": {
        "powerControl-RIGHT": [
          78.25876447135688,
          78.25876447135688
        ],
        "spinControl-REST": [
          57.170424653128514,
          57.170424653128514
        ],
        "normalPower-RIGHT": [
          73.34961887598136,
          73.34961887598136
        ],
        "cuePrecision-REST": [
          53.31597594845643,
          53.31597594845643
        ],
        "powerControl-REST": [
          58.60865910571175,
          58.60865910571175
        ],
        "spin-LEFT": [
          39.47980137490775,
          39.47980137490775
        ],
        "normalPower-REST": [
          43.945726332643034,
          43.945726332643034
        ],
        "cuePrecision-LEFT": [
          38.889589313111514,
          38.889589313111514
        ],
        "cuePrecision-RIGHT": [
          71.19156909536174,
          73.14390633154727
        ],
        "spin-RIGHT": [
          72.27201564983632,
          72.27201564983632
        ],
        "normalPower-LEFT": [
          40.06846022088892,
          40.06846022088892
        ],
        "spin-REST": [
          54.1251316286016,
          54.1251316286016
        ],
        "spinControl-LEFT": [
          41.70109045299624,
          41.70109045299624
        ],
        "aiming": [
          79.72784769239468,
          79.72784769239468
        ],
        "powerControl-LEFT": [
          42.75016338473818,
          42.75016338473818
        ],
        "spinControl-RIGHT": [
          76.33832382322178,
          76.33832382322178
        ]
      },
      "type": "upgrade",
      "timestamp": "2024-10-14 06:00:40"
    }],
    "level": 1,
    "expInThisLevel": 0,
    "availPerks": 5,
    "totalPerks": 6,
    "totalExp": 0
  },
  "checksum": "470C90164532F9337B07B3EB23A4595B"
}