{
  "financial": {
    "money": 29650,
    "invoices": [{
      "inGameDate": "2023/1/20",
      "perkUsed": 1,
      "moneyBefore": 30000,
      "moneyCost": 350,
      "moneyAfter": 29650,
      "ability": {
        "powerControl-RIGHT": [
          79.66437827291554,
          79.66437827291554
        ],
        "spinControl-REST": [
          54.47912745895388,
          54.47912745895388
        ],
        "normalPower-RIGHT": [
          80.90507753742509,
          80.90507753742509
        ],
        "cuePrecision-REST": [
          56.769970422951424,
          56.769970422951424
        ],
        "powerControl-REST": [
          57.831352278637944,
          57.831352278637944
        ],
        "spin-LEFT": [
          43.01797682272248,
          43.01797682272248
        ],
        "normalPower-REST": [
          46.98561782952443,
          46.98561782952443
        ],
        "cuePrecision-LEFT": [
          44.44243781353533,
          44.44243781353533
        ],
        "cuePrecision-RIGHT": [
          78.20229374070492,
          78.20229374070492
        ],
        "spin-RIGHT": [
          75.69576794450309,
          75.69576794450309
        ],
        "normalPower-LEFT": [
          45.97843241245902,
          45.97843241245902
        ],
        "spin-REST": [
          54.95038958320584,
          54.95038958320584
        ],
        "spinControl-LEFT": [
          42.64904871698447,
          42.64904871698447
        ],
        "aiming": [
          71.75093172423439,
          73.68089445526502
        ],
        "powerControl-LEFT": [
          45.27334184195618,
          45.27334184195618
        ],
        "spinControl-RIGHT": [
          75.04659059255012,
          75.04659059255012
        ]
      },
      "type": "upgrade",
      "timestamp": "2024-10-14 05:52:27"
    }],
    "level": 1,
    "expInThisLevel": 0,
    "availPerks": 5,
    "totalPerks": 6,
    "totalExp": 0
  },
  "checksum": "E345EFDA1E89839B144DC32D85CB3ED9"
}