{
  "financial": {
    "money": 26800,
    "invoices": [
      {
        "inGameDate": "2023/1/20",
        "perkUsed": 5,
        "moneyBefore": 30000,
        "moneyCost": 2200,
        "moneyAfter": 27800,
        "ability": {
          "powerControl-RIGHT": [
            74.0172433387378,
            75.85655360518828
          ],
          "spinControl-REST": [
            71.34209250254679,
            71.34209250254679
          ],
          "normalPower-RIGHT": [
            64.42679820122723,
            66.07372627317814
          ],
          "cuePrecision-REST": [
            71.23166934510803,
            71.23166934510803
          ],
          "powerControl-REST": [
            66.61551900486403,
            66.61551900486403
          ],
          "spin-LEFT": [
            46.01864388937151,
            46.01864388937151
          ],
          "normalPower-REST": [
            46.38729470488361,
            46.38729470488361
          ],
          "cuePrecision-LEFT": [
            49.1455408315295,
            49.1455408315295
          ],
          "cuePrecision-RIGHT": [
            79.14629927234225,
            80.78044730144856
          ],
          "spin-RIGHT": [
            74.11059680594403,
            75.94617293370626
          ],
          "normalPower-LEFT": [
            40.005532422279494,
            40.005532422279494
          ],
          "spin-REST": [
            66.69953712534962,
            66.69953712534962
          ],
          "spinControl-LEFT": [
            49.22172612723499,
            49.22172612723499
          ],
          "aiming": [
            71.87645845603865,
            71.87645845603865
          ],
          "powerControl-LEFT": [
            45.960676471102694,
            45.960676471102694
          ],
          "spinControl-RIGHT": [
            79.26899166949643,
            80.89823200271657
          ]
        },
        "type": "upgrade",
        "timestamp": "2024-10-14 15:47:58"
      },
      {
        "inGameDate": "2023/1/22",
        "match": "custom_8EFB7C78CA9027CF+2023+eight_red_pocket_open",
        "moneyBefore": 27800,
        "moneyAfter": 26800,
        "type": "participation",
        "items": [
          {
            "item": "registry",
            "moneyCost": 200
          },
          {
            "item": "travel",
            "moneyCost": 400
          },
          {
            "item": "hotel",
            "moneyCost": 400
          }
        ],
        "timestamp": "2024-10-14 15:48:00"
      }
    ],
    "level": 1,
    "expInThisLevel": 0,
    "availPerks": 1,
    "totalPerks": 6,
    "totalExp": 0
  },
  "checksum": "D25B3E12DE02EB9E842D79D5DE7DBF55"
}