{"players": {"custom_player_156": {
  "solving": 69.26946879598702,
  "aimingOffset": 0,
  "powerControl": 69.31632116408724,
  "precision": 72.65451674312061,
  "longPrecision": 1,
  "ai": {
    "defense": 69.31632116408724,
    "stable": 72.65451674312061,
    "precision": 79.91996841743267,
    "position": 69.31632116408724,
    "attackPri": 72.65451674312061,
    "snookerBreak": "RIGHT",
    "withdrawAfter": 2,
    "likeShow": 50,
    "cebSideBreak": true
  },
  "cuePointMuSigma": [
    0,
    8.352784561247159,
    0,
    8.52889478778664
  ],
  "cuePlayType": "p1.000000,h800,e500;s",
  "spin": 61.62281944372113,
  "pullDt": [
    50,
    200
  ],
  "psy": 90,
  "name": "实验员",
  "width": 1,
  "controllablePower": 63.101158601743215,
  "anglePrecision": 1,
  "cueSwingMag": 100,
  "maxPower": 70.11239844638135,
  "category": "Amateur",
  "privateCues": [],
  "height": 180,
  "hand": {
    "rest": 63.0899330117253,
    "left": 50,
    "right": 100
  }
}}}