{"players": {"老选手": {
  "powerControl": 93.96508347661121,
  "precision": 68.27930459952414,
  "longPrecision": 0.6827930459952414,
  "ai": {
    "defense": 99.5,
    "stable": 75,
    "precision": 75.10723505947657,
    "position": 99.5,
    "attackPri": 68.27930459952414
  },
  "cuePointMuSigma": [
    0,
    4.719451490483081,
    0,
    1.5087291308471968
  ],
  "cuePlayType": "p1.000000,h800,e500;s",
  "spin": 92.01995012468828,
  "pullDt": [
    50,
    200
  ],
  "psy": 90,
  "name": "老选手",
  "controllablePower": 80.71421613812149,
  "anglePrecision": 0.6827930459952414,
  "cueSwingMag": 100,
  "maxPower": 91.72070015695624,
  "category": "Professional",
  "privateCues": []
}}}