{"players": [
  {
    "spin": 75,
    "precision": 75,
    "name": "Mou moumou",
    "power": 75
  },
  {
    "spin": 89.71321124982953,
    "precision": 100,
    "name": "Kid",
    "power": 47.65586034912719
  },
  {
    "spin": 100,
    "precision": 100,
    "name": "Master",
    "power": 100
  },
  {
    "spin": 75,
    "precision": 31.109724734489465,
    "name": "莽子",
    "power": 100
  }
]}